L0_srq,L1_srq,L2_srq,L3_srq,L4_srq,L5_srq,word,field
0.08719296164671722,0.05375249147350384,0.051613676163222155,0.05974891102333983,0.07677666502547573,0.07349131739339217,bread,FOOD
0.0898172780870493,0.059870932251155105,0.055708780884687024,0.061737481504616984,0.08301146328440948,0.08127766847602345,rice,FOOD
0.08726319670668457,0.06530386209481384,0.06295299530023,0.06718721985810236,0.08581724762907983,0.08281856775275531,soup,FOOD
0.08751265257739049,0.0576786244127918,0.055612675024534285,0.0638327004113394,0.07276416692299324,0.07235097257499286,cake,FOOD
0.0940884612903204,0.06292867665626392,0.059510558487183965,0.06912291873959767,0.0805084950337195,0.07361418886346476,pizza,FOOD
0.09007866680613093,0.06012715399259276,0.06686925142996776,0.060954879969297486,0.07975403964511525,0.0785653665661026,pasta,FOOD
0.09399549293454938,0.05668112193711358,0.05982817677589356,0.0625696852885676,0.07179183623686242,0.07245399921576874,salad,FOOD
0.08551736921063453,0.059730403125226365,0.05972512811416375,0.07003256678574234,0.08107326924792765,0.0803429633378179,curry,FOOD
0.09082358260707896,0.06208201115292329,0.060675188463910575,0.06473495864503077,0.0828984204883749,0.07231766964611204,cheese,FOOD
0.08954284662510104,0.058775901350427665,0.0571576127001206,0.05895632463167072,0.07601272475863542,0.07715221669096584,butter,FOOD
0.09658274054517624,0.06255900859826508,0.06393121182912155,0.0647905170916863,0.074646852910444,0.07535509765140627,cream,FOOD
0.08367133639275626,0.05850551253584212,0.051175187598128856,0.06015417338330532,0.0733086063449011,0.07912633294612202,jam,FOOD
0.0797973722218669,0.05953023955219991,0.054976545274202676,0.062474682927069175,0.08127105981103398,0.07590113580219307,honey,FOOD
0.0952201244365291,0.05934622492463763,0.0560814399171173,0.06250746920743111,0.07814872730656959,0.0797770219907572,chocolate,FOOD
0.0892983611109887,0.061748791665065125,0.05702727418481984,0.05811117694105609,0.0712880024222609,0.07680754022410813,coffee,FOOD
0.08596978616345703,0.06116317941697435,0.05311898775321748,0.06293266271735845,0.07460612948006436,0.07937250487468708,tea,FOOD
0.08526489409973369,0.052941362165322074,0.054131678239253064,0.06956832195135812,0.08002346962962131,0.0825566598839721,wine,FOOD
0.09150730073442845,0.05732736364001263,0.056299075484219516,0.06150072067969847,0.08125671744338492,0.06974140554659544,beer,FOOD
0.09018333671282609,0.05778826084271125,0.052451261585748005,0.0571394271087758,0.07857120590545355,0.07965072039945262,milk,FOOD
0.09036246687164806,0.055822160094920595,0.05013760179276221,0.05579161643976354,0.07137811928980364,0.08147095143786866,sugar,FOOD
0.08024128848513959,0.06296849984675312,0.05926031696544515,0.062303207861550046,0.08607497249237692,0.07337181010911038,atom,SCIENCE
0.0911812836634966,0.06186451386591649,0.054754320070350256,0.0683036263765383,0.08149006703428625,0.07526249142058067,electron,SCIENCE
0.09132417291393684,0.056784391403141454,0.05474113300437221,0.06028754636639288,0.07564067840568607,0.07093723118298112,proton,SCIENCE
0.09781309962262862,0.05877361446613156,0.061912246048388554,0.06689582020037636,0.08786689490071092,0.07797864079467605,neutron,SCIENCE
0.08675951677325232,0.05998242333944441,0.05379639400920399,0.05909878841661541,0.07618868024611478,0.07180967705011886,photon,SCIENCE
0.08024128848513959,0.06296849984675312,0.05926031696544515,0.062303207861550046,0.08607497249237692,0.07337181010911038,atom,SCIENCE
0.08427467942229426,0.05845366418355818,0.055637985467855124,0.06190026551478871,0.07719401270143418,0.07048100233070954,force,SCIENCE
0.0961157828568451,0.05981292575591781,0.0598011091350911,0.06241219490760284,0.07291120290748934,0.07296586036674832,energy,SCIENCE
0.07501959055654653,0.05766296759242013,0.05248195677990433,0.060115043073832475,0.07182507216923206,0.07711475342504419,mass,SCIENCE
0.08854325115671839,0.06476350873702248,0.06075924634927395,0.07304750382892933,0.07630939036600111,0.08469793200484388,gravity,SCIENCE
0.09663736820211283,0.06359387934201556,0.059790406376063636,0.06694548577063542,0.08677660673848057,0.08489137142888162,entropy,SCIENCE
0.09109773486843535,0.06274553388350887,0.0630506128072108,0.06969124078743641,0.08461482077828528,0.07540449500076382,plasma,SCIENCE
0.08517018975847665,0.059801149791556374,0.05256590128725294,0.060517526926639,0.07436957351791258,0.0710520456494629,laser,SCIENCE
0.08852047038313482,0.06063310407192653,0.05837408031506427,0.06310083724264001,0.0790196378849715,0.07430467895317741,magnet,SCIENCE
0.08442573249331614,0.06035701185458823,0.060738459229408556,0.06540942937129154,0.0794758126138846,0.07752453535787458,circuit,SCIENCE
0.09518803300705368,0.06216594572847178,0.06066216506500914,0.07023332360181027,0.07582286904123223,0.07682722977716748,gene,SCIENCE
0.08146602400926693,0.05520765439908076,0.056064433965891204,0.0638784580753676,0.07111110217034275,0.07890823208730866,cell,SCIENCE
0.09895321726789115,0.06750379502766533,0.07410833239547947,0.0806256607174067,0.07991375029079074,0.07893975079051706,virus,SCIENCE
0.10209677231878396,0.0661192873786794,0.06524783761779922,0.06952470955392975,0.0807046938361728,0.07563521418773801,enzyme,SCIENCE
0.09919022023667906,0.0643599778413129,0.06091408431523907,0.0679358839988029,0.08659215271464271,0.07219494879238537,protein,SCIENCE
0.08826576611202877,0.05808053218352563,0.06141251338565009,0.0650474873127898,0.0806757711557808,0.0759574158837732,hammer,TOOL
0.08587253838768955,0.062427990138468295,0.05418038368219679,0.06346713006490082,0.0762833133339119,0.07536983489982697,saw,TOOL
0.08665878325692093,0.06920781731598609,0.07005284726612715,0.07322458177797624,0.07990035414687749,0.07913337647906972,drill,TOOL
0.08665878325692093,0.06920781731598609,0.07005284726612715,0.07322458177797624,0.07990035414687749,0.07913337647906972,drill,TOOL
0.09713384176886403,0.06139108525402192,0.05825836533401926,0.06508087397579289,0.07838264297032183,0.07273288938191882,screw,TOOL
0.08349329236021497,0.06430960851477066,0.061943113704222556,0.06223923708299798,0.0751111343700971,0.06740995956830667,nail,TOOL
0.07565662853035172,0.05698963320373162,0.059801876866533925,0.06388891471750131,0.08435659595044807,0.07492699325947501,bolt,TOOL
0.09445846825828642,0.0608535930513727,0.06000620126718242,0.07180006802074881,0.0729395896195636,0.07377852499477637,knife,TOOL
0.08102160774880612,0.05784399228901122,0.05735125949332003,0.06518334799401869,0.06998815119683256,0.07728063531606742,blade,TOOL
0.08818144131779444,0.060476090638344054,0.059931021030546164,0.07168655524762586,0.08193105947552233,0.07429147209466849,hook,TOOL
0.08044126629821362,0.06856486201279459,0.06269925832742143,0.07071320712559304,0.07998324185601818,0.07791500538579778,forge,TOOL
0.08694245957633617,0.063084848294773,0.05358697367745926,0.06724797245829205,0.08029078159214355,0.07480419573826412,wheel,TOOL
0.08420644214221666,0.06218901272874964,0.05472796317666818,0.06557147986542342,0.08232119170671716,0.07747004359595701,axle,TOOL
0.0935531854628581,0.05996157228940689,0.06009022891515444,0.06005584821098997,0.08240932226172788,0.08038271963588305,lever,TOOL
0.08420644214221666,0.06218901272874964,0.05472796317666818,0.06557147986542342,0.08232119170671716,0.07747004359595701,axle,TOOL
0.09110265566133159,0.06012282864717535,0.061096422206867895,0.05975611475176972,0.06861528082069221,0.07304834700199773,gear,TOOL
0.08921481242347527,0.0589459906751509,0.05371703475315382,0.057154267389033786,0.08041177903546148,0.07475533482488486,spring,TOOL
0.07830096036187924,0.0590639412402516,0.06375242769711795,0.07116746902458702,0.08219846338025455,0.07110636681311172,joint,TOOL
0.08150150626889661,0.0607915036379683,0.06621333211653763,0.06099589541548351,0.07449979335062205,0.07074314355843145,vice,TOOL
0.08818144131779444,0.060476090638344054,0.059931021030546164,0.07168655524762586,0.08193105947552233,0.07429147209466849,hook,TOOL
0.08767600802460389,0.0625678747810841,0.05247336000516412,0.06070860124121779,0.07898283553320191,0.08022947398064767,red,COLOUR
0.08162250111229014,0.05931329335643639,0.049905910337273665,0.06088100364088906,0.08670680741699652,0.07286233144170695,blue,COLOUR
0.08189184963694966,0.05518294125789846,0.05549215525383168,0.06391000747674272,0.07826931774608414,0.0758993551134304,green,COLOUR
0.0843143288117604,0.053857346164250613,0.04932015173786098,0.06213871021399122,0.09138517482448322,0.07510328887654318,yellow,COLOUR
0.08715891612514579,0.0656934270675376,0.057218543870305054,0.06324820597452789,0.0847374847374,0.07748252615220703,purple,COLOUR
0.07921595871440594,0.05627501010889147,0.05679296702140851,0.05896147340530221,0.08377744257441726,0.0808354020117905,orange,COLOUR
0.08233599364749304,0.06069536134594569,0.061347361653981844,0.06574160605662446,0.07728662341825385,0.06868900358670041,pink,COLOUR
0.08220687508574848,0.05549811944359951,0.053264185786193984,0.06448179483407247,0.07580187171690035,0.07753028720609541,brown,COLOUR
0.08361981315840622,0.06081991622679306,0.055948353522763755,0.056950177335703324,0.08038532202060791,0.07670367678440015,black,COLOUR
0.08002707094107439,0.05708811027331069,0.05167760635475751,0.053811195719855605,0.07624362863554654,0.07176001797669018,white,COLOUR
0.08574169640184987,0.05848332098021149,0.05384288676631352,0.061647485890773034,0.07739471360405774,0.08203939092385856,grey,COLOUR
0.08574169640184987,0.05848332098021149,0.05384288676631352,0.061647485890773034,0.07739471360405774,0.08203939092385856,grey,COLOUR
0.0809315644583412,0.061643853885606406,0.059059311114572695,0.07532205279795114,0.08159881602531664,0.07661888580089467,violet,COLOUR
0.08586939424267764,0.060625091195045874,0.0618195906280853,0.06336076557629924,0.07948637753717103,0.07646971195928555,gold,COLOUR
0.08529154211274201,0.0590581446885472,0.05569792911404761,0.06369613856070824,0.08270743489257171,0.07286049425594672,silver,COLOUR
0.08495062322004605,0.05826599946421525,0.059648558837287514,0.0678829991360225,0.07766342727374091,0.0785025264616984,beige,COLOUR
0.08332430571309339,0.06044653058046018,0.05208694189781702,0.06263755261891776,0.07539452612392515,0.07648812234394053,azure,COLOUR
0.08188508964946549,0.0641496403038289,0.056401443463335435,0.0668075452079647,0.08263515440990357,0.07438026972044781,indigo,COLOUR
0.0809315644583412,0.061643853885606406,0.059059311114572695,0.07532205279795114,0.08159881602531664,0.07661888580089467,violet,COLOUR
0.08277949187502831,0.058623522057894506,0.05651965666045935,0.06299417471809939,0.07727361646568397,0.07562185235276436,crimson,COLOUR
